resolution,ARI_vs_louvain,NMI_vs_louvain
0.2,0.7046926567291109,0.8066889284369735
0.5,0.8605426703409158,0.8546083627931047
2.0,0.34037481672678305,0.6628084839073952
